{
  "thresh" : 1.3862943611,
  "bias" : -2.1975765,
  "bgrhsv_w1" : [286925, 414125, 4294792783, 4294530074, 180523, 302453, 121256, 4294838112, 4294852325, 175511, 57948, 220327, 188681, 246448, 4294175583, 62839, 213119, 192516, 158200, 4294599129, 4294870722, 195913, 21862, 108219, 135707, 4294560836, 4294531582, 471793, 100014, 4294687414, 4294795984, 66431, 136769, 4294626978, 74939, 4294520268, 4294803702, 4294833774, 1358169, 228843, 4294533169, 4294711845, 4294635639, 4294561320, 4294548122, 4294877153, 4294580325, 4294701642, 315921, 4294787473, 4294823948, 931766, 69555, 4294609375, 4294504419, 4294420190, 280053, 4294545252, 117506, 4294416930, 224873, 4294892981, 33826, 179021, 4294919630, 4294754903, 124001, 187118, 932180, 99537, 628398, 35208, 4293709472, 4294617393, 4294545899, 4294858360, 4293714819, 4294509769, 1283148, 4294901810, 681494, 184406, 475595, 105753, 4294544366, 4294691033, 4294686162, 4294130703, 4294366668, 4294703790, 4294894858, 4294914286, 651540, 188299, 385667, 73682],
  "bgrhsv_w2" : [4294678382, 4294426082, 33900, 4294786573, 4294798260, 4294465271, 4294517259, 181256, 300716, 4294576336, 4294779851, 4294392855, 4294501450, 4294559575, 1747455, 1895189, 4294343273, 4294494832, 4293427624, 4293396760, 557902, 231784, 4294216869, 4294397969, 370238, 4294689001, 4294732968, 4293838387, 285698, 4294924877, 4292752297, 4294311841, 1373130, 527198, 447725, 88187, 316414, 133618, 4294912849, 336151, 4294763669, 4294699908, 4294049825, 4293331584, 823228, 226144, 459479, 4294963093, 368041, 4294110388, 520032, 716422, 4293988786, 4293440987, 4294441252, 4294108101, 354961, 98951, 133964, 4294626653, 330929, 45665, 4294777303, 4294750516, 4294768541, 4294572619, 4294612355, 4294583897, 1410668, 1060654, 943010, 574817, 4294563529, 4294621839, 749760, 4294735436, 4294558413, 4294577201, 1507408, 608711, 1990093, 922274, 1535905, 642773, 4294579386, 4294841981, 128733, 160141, 4294488597, 4294652830, 24372, 77325, 303718, 294846, 71547, 278933],
  "bgrhsv_w3" : [136128, 4294683817, 360450, 824960, 4294829132, 4294484903, 78219, 558577, 4294953960, 4294683371, 26876, 4294689487, 4294585981, 4294597802, 657838, 175524, 4294797448, 4294450399, 4293758241, 4293295348, 4294749523, 560172, 4294399572, 4294458180, 4294539494, 4294467598, 6848, 533868, 4294052521, 4294123324, 4293517802, 4292904425, 4294275118, 23086, 4294311795, 4294322181, 186208, 323675, 439545, 1009885, 4294276375, 4294211295, 4294829568, 4294063271, 434514, 37201, 542138, 8651, 4293960369, 341051, 656091, 7056, 4292601118, 4293503497, 197622, 4294515689, 115372, 154966, 106308, 213954, 61908, 504986, 4294661555, 178876, 4294199586, 4294713840, 4294502092, 4294531736, 236442, 949123, 175692, 710489, 145860, 4294823904, 4294953657, 84629, 4294579148, 4294668689, 236680, 1522779, 970197, 1739651, 890460, 1415223, 4294920959, 4294751862, 319014, 4294912025, 4294638246, 4294419507, 4294530293, 30753, 4294946745, 374105, 4294819087, 180199],
  "bgrhsv_w4" : [403704, 4294801894, 868547, 316093, 115595, 4294499655, 4294661153, 618745, 4294959983, 4294505215, 264048, 4294678169, 488273, 469491, 774405, 206550, 387303, 174489, 4294145055, 4294080680, 179321, 4294677598, 392911, 22020, 327094, 755533, 440055, 73898, 17878, 41040, 4294492078, 4293955327, 4294578226, 219646, 4294846005, 326587, 4294945083, 1145589, 4294730853, 4294798050, 4294823835, 602937, 4294863616, 4294438105, 4294802318, 736541, 4294860055, 1114370, 4294945265, 236557, 400947, 4294794605, 4294662560, 4294360523, 4294804086, 995708, 79256, 689381, 228611, 1236042, 4294564002, 4294623144, 700676, 364280, 4294086319, 4293948378, 4294932167, 459088, 262850, 374235, 223124, 523079, 143209, 46147, 474402, 8173, 4294640515, 4294622236, 4294896322, 289868, 292561, 548621, 497756, 574074, 4294835465, 4294695249, 802842, 620113, 4294612231, 4294192971, 4294427941, 4294618022, 80447, 4294828207, 157610, 4294792798],
  "hog_w1" : [535309, 4293005267, 1402609, 4293041238, 4294306044, 4294445583, 3351008, 4292520672, 1012001, 871316, 70594, 202348, 4294153533, 4292716739, 3076009, 749431, 1517115, 4293920630, 435200, 4294356531, 4699442, 3508577, 4277500, 4292252235, 4292245271, 295506, 4293593549, 4289819238, 4293805393, 4293440057, 4294557208, 4291144504, 1465615, 4998613, 2884052, 531450, 3848662, 4294403727, 4292579865, 4292561336, 487626, 677523, 4291863723, 391728, 1326555, 2502535, 2168643, 34821, 1763602, 4290987194, 591466, 2011220, 1501187, 4294170042, 4292777586, 57088, 125006, 4292118314, 4293746914, 1245292, 4566514, 4289637780, 519179, 4293515881, 405758, 4292490713, 4293693879, 4293747840, 1224580, 4294313136, 2525635, 4445466, 953641, 4292925704, 4294211398, 4292235420, 288479, 4294906231, 3559886, 4289165495, 4293793757, 1078188, 4393351, 1235044, 4293138825, 4294184806, 4294422484, 3681230, 344712, 4293824920, 4292272383, 4293652092, 4885701, 49470, 4292582390, 1093057, 527765, 2736123, 1074189, 3877691, 414689, 4294310962, 4293406974, 649369, 1457623, 4294770504, 4292611076, 6025879, 4294748524, 912863, 1918596, 4292258316, 4293798268, 4294934847, 4294341057, 4294920153, 4291889023, 4293867324, 128412, 4127868, 4293567494, 832332, 3056900, 4294804250, 4294631683, 1197861, 4293396700, 4292846950, 1238821, 3440306, 779631, 4294223017, 2017061, 4293733195, 212887, 1556647, 4294386898, 4294886721, 4294413077, 404240, 1772765, 856047, 820263, 349217, 4294539302, 1312191, 4294128386, 4294607018, 4294738996, 2901963, 133066, 4292206186, 2091738, 4293998541, 4291544306, 1750836, 4292019185, 1030596, 1187554, 3681579, 4294449500, 4293210564, 1240103, 4293388127, 829861, 562889, 1779854, 4289428213, 4398200, 4294167808, 4658810, 4293192198, 1162426, 4293593232, 117845, 4293729413, 4294684496, 4294656958, 737383, 2859885, 1043086, 1465339, 4290757268, 4294039726, 4293481430, 2560099, 4294765710, 990129, 1717358, 3916676, 912265, 4290873841, 4293620286, 4294276654, 4294490870, 4293493745, 653789, 439495, 4292196903, 4294952344, 4235220, 416617, 4290897675, 2476391, 1445530, 4294509798, 4294076629, 6888573, 4293422447, 1010112, 4293387382, 4292546549, 718258, 290822, 1269663, 519313, 5221375, 611997, 4287869637, 4290619128, 4290760957, 455221, 4290452115, 5011140, 4291910045, 5741630, 330635, 9983, 4289466062, 23062, 4289290867, 4292644336, 1672612, 482817, 4294035212, 4293088324, 2703730, 1001528, 4290377013, 4290968144, 3219596, 467878, 4294737188, 348047, 4293967923, 4294174124, 4291398680, 4293887631, 77063, 4294385984, 6214884, 961048],